PlayerID,Ballot
aaronha01,Y
aasedo01,N
abbated01,N
abbotgl01,N
abbotji01,Y
abbotku01,N
abbotpa01,N
abernte02,N
abramca01,N
abreubo01,N
aceveju01,N
ackerji01,N
adairje01,N
adamsba01,Y
adamsbo03,Y
adamssp01,Y
adamste01,N
adcocjo01,N
affelje01,N
ageeto01,Y
agostju01,N
aguaylu01,N
aguilri01,Y
aguirha01,N
ainsmed01,N
akerja01,Y
aldremi01,N
aldresc01,N
alexado01,Y
alexama02,N
alexape01,Y
alfonan01,N
alfoned01,N
alicelu01,N
allenbe01,Y
allendi01,Y
allenet01,N
allenjo02,Y
allenne01,N
alleyge01,Y
allisbo01,N
allisdo01,N
almadme01,N
almonbi01,N
alomaro01,Y
alomasa01,N
alomasa02,Y
aloufe01,Y
alouje01,Y
alouma01,Y
aloumo01,N
altroni01,Y
alvarlu01,N
alvarwi01,N
amalfjo01,N
amarari01,N
amaroru01,N
amesre01,N
amezaal01,N
anderbr01,Y
anderbr02,N
anderda02,N
anderga01,N
anderjo01,N
anderla02,N
anderma02,N
andreiv01,N
andujjo01,N
ankieri01,N
ansonca01,N
anthoer01,N
antonjo02,N
aparilu01,Y
appieke01,Y
applepe01,N
applilu01,Y
aquinlu01,N
archeji01,Y
ariasal01,N
armasto01,N
armasto02,N
arrigge01,N
arroybr01,N
ashburi01,Y
ashbyal01,N
ashbyan01,N
asprobo01,N
asproke01,N
assenpa01,N
astacpe01,N
astrojo01,N
auerbri01,N
augusje01,N
aukerel01,N
aurilri01,N
ausmubr01,N
austiji01,Y
averiea01,Y
averyst01,N
avilabo01,N
ayalabe01,N
ayalalu01,N
aybarma01,N
ayersdo01,N
azcuejo01,N
backmwa01,N
baergca01,Y
baezda01,N
bagbyji02,N
bagweje01,Y
bahnsst01,Y
bailebi01,N
bailebo01,Y
baileed01,N
bailobo01,Y
baineha01,Y
bairddo01,N
bairdo01,N
bakerdu01,Y
bakerfl01,N
bakerfr01,Y
bakerje03,N
bakopa01,N
balbost01,N
baldwja01,N
balfogr01,N
bancrda01,Y
bandoch01,N
bandosa01,Y
bankhsc01,N
bankser01,Y
bankswi01,N
bannial01,N
bannifl01,N
barajro01,N
barbest01,Y
bardjo01,N
barfije01,N
barkele01,N
barmecl01,N
barneje01,N
barnevi01,N
barrebi02,N
barreji01,N
barrema02,N
barremi01,N
barrere01,N
barrji01,Y
barryja01,Y
barrysh01,N
bartedi01,Y
bartobo01,Y
bassech01,N
basske01,N
bastich01,N
batemjo01,N
batesjo02,N
batismi01,N
batisto01,N
batteea01,N
battijo01,N
battsma01,N
bauerha01,Y
baumafr01,N
baumhfr01,N
bautida01,N
bautide01,N
bautijo01,N
bautijo02,N
bayja01,N
baylodo01,Y
beaucji01,Y
beaumgi01,Y
beckbo01,N
beckebe01,N
beckegl01,Y
beckejo02,N
beckeri01,N
becklja01,Y
beckro01,Y
bedrost01,Y
beggsjo01,N
beimejo01,N
belanma01,Y
belchti01,N
belinst01,N
bellbu01,Y
bellda01,N
bellde01,N
belleal01,Y
bellga01,N
bellge02,Y
bellgu01,N
bellhma01,N
bellira01,N
belliro01,N
bellja01,Y
beltrad01,N
beltrca01,N
benchjo01,Y
bendech01,Y
benedbr01,N
benesan01,N
bengera01,N
bengobe01,N
beniqju01,N
benitar01,N
benjami01,N
bennech01,N
bennega01,N
benoijo01,N
bentlja01,N
bentoal01,N
bentola01,Y
bentoru01,N
benzito01,N
berarjo01,N
bereja01,N
berenju01,N
bergebi01,N
bergewa01,Y
bergmda01,N
bergmo01,Y
berkmla01,N
bernato01,N
bernhbi01,N
berrada01,N
berrayo01,Y
berrera01,N
berroan01,N
berroge01,N
berrych02,Y
berryda01,N
berryke01,Y
berryse01,N
bertore01,N
beschbo01,N
betanra01,N
betemwi01,N
bettshu01,N
bevacku01,N
bibbyji01,Y
bicheda01,Y
bielemi01,N
bierblo01,N
bigbeca01,Y
biggicr01,Y
biittla01,N
bilkost01,N
billija01,Y
billijo01,N
birddo01,N
bishoma01,Y
blackbu02,N
blackew01,Y
blackti01,N
bladera01,Y
blaehge01,N
blairpa01,Y
blairwi01,N
blakeca01,N
blakesh01,N
blanche01,N
blancjo01,N
blantjo01,N
blasido01,N
blasiwa01,N
blassst01,Y
blausje01,N
blefacu01,N
bloodji01,N
bloomwi01,N
blowemi01,N
bluegos01,Y
bluelu01,Y
bluevi01,Y
blumge01,N
blylebe01,Y
bocachi01,N
boccajo01,Y
bochtbr01,N
boddimi01,Y
boehrbr01,N
boevejo01,N
boggswa01,Y
bohanbr01,N
bolinbo01,Y
bollifr01,N
bondsba01,Y
bondsbo01,Y
bondto01,N
bonesri01,N
bonhabi01,N
bonhati01,N
bonilbo01,Y
bonneba01,N
booneaa01,N
boonebo01,Y
boonebr01,Y
boonera01,N
borbope01,N
borbope02,N
bordafr01,N
bordepa01,N
bordimi01,N
borlato02,N
borowha01,N
borowjo01,N
bosioch01,N
boskish01,N
bosleth01,N
bosmadi01,N
bostoda01,N
bosweke01,N
bottari01,N
botteke01,N
bottoji01,Y
boudrlo01,Y
boutoji01,Y
bowala01,Y
bowerfr01,N
bowmajo01,N
boydbo01,N
boydoi01,N
boyercl02,Y
boyerke01,Y
boyleja01,N
bradfbu01,N
bradfch01,N
bradlbi01,Y
bradlge01,N
bradlmi01,N
bradlsc01,N
braggda01,N
brancra01,N
branded01,N
brandja01,N
bransje01,N
branski01,N
brantje01,N
branyru01,N
braunst01,N
braxtga01,N
brazlal01,N
breamsi01,N
brechha01,Y
breitte01,Y
brenlbo01,N
bresnro01,Y
bressed01,N
bressru01,N
brettge01,Y
brettke01,N
breweji01,Y
bridgro01,N
bridgto01,Y
bridwal01,N
briggjo02,Y
brilene01,Y
brinked01,N
brocado01,N
brockgr01,N
brocklo01,Y
brodist01,N
brognri01,N
brohaja01,N
brookhu01,Y
brookto01,N
brosisc01,Y
brosnji01,N
broutda01,N
broweji01,N
brownbu01,N
browncl01,N
brownem01,N
brownga01,Y
brownge01,N
brownha01,N
brownje01,N
brownju01,N
brownke01,Y
brownla01,Y
brownle01,N
brownll01,N
brownma01,N
brownmo01,Y
brownol02,N
brownpe01,N
brownto01,N
brownto02,N
brownto05,Y
brubabi01,N
brunato01,N
brunege01,N
brusswa01,N
brutobi01,Y
bucknbi01,Y
buechst01,N
buehrma01,N
buelofr01,N
buffich01,N
buforda01,N
bufordo01,N
buhlbo01,N
buhneja01,Y
bumbral01,Y
bunniji01,Y
burbada01,N
burdele01,Y
burdoja01,N
burgesm01,Y
burgmto01,N
burkebo01,N
burkeed01,N
burkeje01,Y
burkejo03,N
burketi01,N
burksel01,Y
burleri01,Y
burneaj01,N
burnije01,Y
burnsge01,Y
burnsge02,N
burnsoy01,N
burnsto01,N
burrepa01,N
burrira01,N
burroje01,Y
busbyji01,N
bushdo01,Y
bushgu01,Y
bushjo01,Y
bushodo01,N
bushra01,N
butchma01,N
butersa01,N
butlebr01,Y
buzhajo01,N
byerlbu01,N
byrdati01,N
byrdma01,N
byrdpa01,N
byrnebo01,N
byrneer01,N
byrneto01,N
cabelen01,N
cabremi01,N
cabreor01,N
cadargr01,N
cadorle01,Y
cairomi01,N
caldeiv01,N
caldwmi01,Y
caldwra02,N
callani01,N
callijo01,Y
camacer01,N
camermi01,N
camildo01,Y
caminke01,Y
camniho01,Y
campabe01,Y
camparo01,Y
campbbi02,Y
campbbr01,N
campbda01,N
candaca01,N
candejo01,Y
candito01,Y
cangejo01,N
cannich01,Y
cansejo01,Y
cantujo01,N
cantwbe01,N
carbobe01,N
cardejo02,Y
cardele01,Y
cardwdo01,N
carewro01,Y
careyan01,N
careyma01,Y
carlsha01,N
carltst01,Y
carmado01,N
carpech01,N
carpehi01,N
carrach01,Y
carragi01,N
carrahe01,N
carrema01,N
carribi02,Y
carrocl01,N
carrocl02,Y
carroja01,N
carroow01,N
carseki01,N
cartega01,Y
cartejo01,Y
cartyri01,Y
carutbo01,N
casanpa01,Y
casanra01,N
casege01,Y
caseydo01,N
caseyhu01,N
caseyse01,N
cashda01,Y
cashno01,Y
casiala01,N
cassijo01,N
castege01,N
castial01,N
castica01,N
castifr01,N
castilu01,N
castito02,N
castivi02,Y
castrbi01,N
castrju01,N
castrra01,N
catalfr01,N
caterda01,N
causewa01,N
cavarph01,Y
cedence01,Y
cedenro01,N
cepedor01,Y
ceronri01,N
cervbo01,N
ceyro01,Y
chacosh01,N
chakabo01,N
chalkda01,N
chambch01,Y
chambel01,N
chancde01,N
chancfr01,Y
chandsp01,Y
chaneda01,N
chapmbe01,Y
chapmsa01,Y
charlno01,N
chaseha01,Y
chaveen01,N
chaveer01,N
chavera01,N
chenbr01,N
chenela01,N
chesbja01,Y
childcu01,N
chipmbo01,N
chitiha01,N
choatra01,N
chrisja01,N
chrisla01,N
chrisma01,N
cicoted01,N
cimolgi01,N
cirilje01,Y
cissebi01,Y
clancji01,N
clappjo01,N
clarkbo02,N
clarkbr02,N
clarkda05,N
clarkfr01,Y
clarkho01,Y
clarkja01,Y
clarkjo01,N
clarkma01,N
clarkni01,N
clarkto01,N
clarkto02,N
clarkwa02,N
clarkwi02,Y
claytro01,Y
clearma01,N
clemedo01,N
clemeja01,N
clemepa01,N
clemero01,N
clemero02,Y
clenddo01,N
clevere01,N
cliftha01,N
clinege01,N
clinety01,N
clingbi01,N
clintji01,N
clintlo01,N
clonito01,N
coaklan01,Y
coangi01,N
coateji01,N
cobbty01,Y
cochrmi01,Y
coffmdi01,N
colavro01,Y
colbena01,N
colboji01,Y
colbrgr01,N
colemjo01,N
colemjo04,N
colemjo05,N
colemvi01,Y
colesda01,N
collida02,N
collied01,Y
colliji01,Y
collijo01,N
collipa01,N
colliri01,N
collish01,Y
colluja01,N
colomje01,N
colonba01,N
combsea01,Y
comisch01,N
comorad01,N
conceda01,Y
coneda01,Y
coninje01,Y
conlege01,N
connasa01,N
connoro01,N
conrowi01,Y
consobi01,N
consusa01,N
contrjo01,N
cookaa01,N
cookde01,N
cooledu01,N
coombja01,Y
coonejo01,N
coopece01,Y
coopemo01,Y
coopewa01,Y
coopewi01,Y
coraal01,N
corajo01,N
corcola01,N
corcoto01,N
cordefr01,N
cordewi01,N
corkhpo01,N
cormirh01,N
corrapa01,N
correke01,N
corsiji01,N
cottich01,N
cottohe01,N
coughbi01,N
counscr01,N
courtcl01,Y
covelst01,Y
covinwe01,N
cowanbi01,N
cowenal01,N
coxbi02,Y
coxda01,N
craigro01,N
cramedo01,Y
crandde01,Y
cranddo01,Y
craneed01,N
cranesa01,N
cravaga01,Y
crawfca02,N
crawfsa01,Y
crawfst01,N
crawfwi01,N
credejo01,N
creekdo01,N
crigelo01,Y
crispco01,N
critzhu01,Y
cromawa01,N
cronijo01,Y
crosefr01,Y
crossla01,Y
crossmo01,N
crowdal01,Y
crowlte01,Y
cruiswa01,Y
cruzde01,N
cruzhe01,N
cruzja01,N
cruzjo01,Y
cruzjo02,N
cruzju01,N
cruzju02,N
cuccito01,Y
cuddymi01,N
cuellmi01,Y
cullero01,N
culpra01,Y
culvege01,N
cummimi01,N
cunnibe01,N
cunnijo01,N
cuppyni01,N
curtich01,N
curtijo01,N
custja01,N
cuthbne01,N
cutshge01,N
cuyleki01,Y
daalom01,N
dacqujo01,N
dahlebi01,Y
dahlgba01,N
dailyco01,N
dailyed01,N
dalcabr01,N
daleybu01,N
dalryab01,N
dalrycl01,N
dalyto01,N
damonjo01,N
danfoda01,N
danniha01,Y
darenvi01,N
darkal01,Y
darliro01,Y
darwibo01,N
darwida01,Y
daubeja01,Y
dauerri01,Y
daultda01,Y
daussho01,N
davalvi01,Y
davenji01,N
davisch01,Y
daviscu01,Y
davisdi01,N
davisdo02,N
daviser01,Y
davisge01,N
davisgl01,N
davisha01,Y
davisjo02,N
daviski01,N
davisma01,Y
davismi02,N
davisro02,N
davissp01,Y
davisst02,N
davisto02,Y
daviswi02,N
dawsoan01,Y
dayleke01,N
dealch01,N
deandi01,Y
deberha01,N
decindo01,Y
deckege01,N
deerro01,N
dejeami01,N
dejesda01,N
dejesiv01,N
delahed01,Y
delahji01,N
delarjo01,N
deleojo01,N
delgaca01,N
delgawi01,N
delgrbo01,N
delluda01,N
delocik01,N
delosva01,N
delsiji01,N
delucri01,N
demaejo01,N
demarfr02,N
demetdo01,N
demonge01,N
dempsri01,Y
dempsry01,N
dennyje01,N
dennyjo01,Y
dentbu01,Y
dernibo01,N
derosma01,N
derripa01,Y
desauge01,N
deshaji01,Y
deshide01,N
desseel01,N
devermi01,N
devliar01,N
devorjo01,N
diazbo01,N
diazei01,N
diazma02,N
dickebi01,Y
dickebu01,N
dickera01,N
dicksmu01,N
dierkla01,Y
dietrbi01,N
difelmi01,N
dilonmi01,N
dimagdo01,Y
dimagjo01,Y
dimagvi01,N
dinnebi01,Y
dipinfr01,N
disarga01,Y
ditmaar01,N
doakbi01,Y
dobsojo01,N
dobsopa01,Y
dobyla01,Y
doerrbo01,Y
dohened01,N
dolanco01,N
donahji02,N
donahre01,N
donlimi01,Y
donneji01,N
donohpe01,N
donovbi01,Y
donovdi01,N
donovpa01,N
dooinre01,Y
doolami01,N
doranbi02,N
dorgami01,N
dorisha01,N
doteloc01,N
dotsori01,N
doughpa01,N
douglph01,N
douthta01,N
dowdto01,N
downial01,Y
downibr01,Y
downssc01,N
doyleja01,N
doylela01,Y
drabedo01,Y
drabomo01,N
dragodi01,N
drewjd01,N
drewska01,N
driesda01,N
dropowa01,Y
drysddo01,Y
duceyro01,N
duffyfr01,N
duffyhu01,Y
duganjo01,Y
dugglbi01,N
duncada01,N
duncama01,N
dunlafr01,N
dunnad01,N
dunnja01,Y
dunstsh01,Y
durbich01,N
durenry01,N
durhale01,N
durhara01,N
durocle01,Y
dusaker01,N
dwyerfr01,N
dwyerji01,N
dyeje01,N
dyerdu01,N
dykesji01,Y
dykstle01,Y
earnsge01,Y
easleda01,N
easlemi01,N
easteja01,N
eastwra01,N
eatonad01,N
eckerde01,Y
eckstda01,N
edmonji01,N
edwarbr01,N
edwarha01,Y
edwarjo01,Y
egandi01,N
eganto01,N
eggleda01,N
ehmkeho01,Y
ehretre01,N
eichhma01,N
eilanda01,N
eischjo01,N
eisenji01,Y
elartsc01,N
elberki01,Y
eldreca01,N
elliobo01,Y
ellioju01,Y
ellisdo01,Y
ellisjo01,N
ellisma01,N
ellswdi01,N
elsteke01,N
elstodo01,N
elybo01,N
embreal01,N
encarju01,N
englecl01,N
engliwo01,N
ennisde01,Y
epstemi01,N
erickpa01,N
ericksc01,N
erskica01,Y
erstada01,N
escobke01,N
esperdu01,N
espinal01,N
espossa01,N
essiaji01,N
estalbo02,N
esterdu01,N
estessh01,N
etchean01,N
evansal01,N
evansda01,Y
evansdw01,Y
evansjo01,N
everead01,N
evereca01,N
eversho01,N
eversjo01,Y
ewingbo01,N
ewingbu01,Y
eyresc01,N
faberre01,Y
fabrejo01,N
facero01,Y
faheybi01,N
fainfe01,N
fairlro01,Y
falcope01,N
falkbi01,N
falkecy01,Y
farmeed01,N
farnsky01,N
farredo01,N
farredu01,N
farreja02,N
farretu01,N
farrst01,N
fasansa01,N
fasseje01,N
feldemi01,N
felizpe01,N
fellebo01,Y
fergual01,N
fergubo01,N
fergujo01,Y
fermife01,N
fernaal01,Y
fernasi01,Y
fernato01,Y
ferreri01,Y
ferrewe01,Y
ferrito01,N
fettemi01,N
fewstch01,N
fickro01,N
fieldce01,Y
figgich01,N
figuene01,N
fingero01,Y
finlech01,Y
finlest01,Y
finnelo01,N
fischbi01,N
fischca01,N
fischmi01,N
fisheed02,Y
fisheja01,N
fishera01,N
fiskca01,Y
fitzged01,N
fitzgmi02,N
fitzmal01,N
fitzsfr01,Y
flackma01,N
flagsir01,N
flahejo01,N
flahepa02,N
flanami01,Y
flannti01,N
fletcar01,Y
fletcda01,N
fletcel01,N
fletcsc01,N
flickel01,Y
flintsi01,N
floodcu01,Y
florera01,N
floribr01,N
floweja01,N
floydcl01,N
flynndo01,N
foileha01,N
foleyto02,N
foliti01,N
fonsele01,Y
footeba01,N
forceda01,N
fordda01,N
fordho01,N
fordwh01,Y
fordybr01,N
foremfr01,N
fornimi01,N
forscbo01,Y
forscke01,Y
forstte01,N
fossato01,N
fossera01,N
fosteal01,N
fosteed02,Y
fostege01,Y
fothebo01,N
foulkke01,N
fournja01,N
foutzda01,N
fowledi01,N
foxan01,N
foxch02,N
foxne01,Y
foxpe01,N
foxxji01,Y
foytapa01,N
francje02,N
francjo01,Y
francju01,N
francte01,N
francti01,N
frankfr02,N
frankry01,N
frasech01,Y
frasoja01,N
frazige01,N
freehbi01,Y
freelry01,N
freembu01,N
freemma02,N
freesge02,N
fregoji01,Y
frencla01,N
freylo01,N
freyst01,N
friaspe01,N
fribebe01,N
frienbo01,N
friscfr01,Y
friseda01,N
frommar01,N
frymatr01,Y
frymawo01,Y
fuentbr01,N
fuentti01,N
fulmech01,N
furcara01,N
furilca01,Y
gabrile02,N
gaettga01,Y
gagliph01,Y
gagneer01,N
gagnegr01,N
gainede01,N
galanau01,Y
galaran01,Y
galehde01,N
gallada01,N
gallemi01,N
gallibe01,N
galloch01,N
galvipu01,N
gamblos01,Y
gantnji01,N
gantro01,Y
ganzech01,N
garagjo01,N
garbege01,N
garceri01,N
garcica01,N
garcida01,N
garcifr02,N
garcika01,N
garciki01,N
garcimi01,N
garcino01,N
gardnbi02,N
gardngi01,N
gardnla01,N
gardnma01,N
gardnro01,N
garlajo01,N
garmami01,N
garmsde01,N
garneph01,Y
garresc01,N
garrewa01,N
garrra01,N
garvene01,Y
garvest01,Y
gastoci01,N
gastomi01,N
gaudich01,N
gedmari01,N
gehrich01,Y
gehrilo01,Y
geigega01,N
gelbech01,Y
genewjo01,N
gentiji01,N
gerbewa01,N
gerhajo01,N
germaes01,N
gernedi01,N
geronce01,Y
gessldo01,N
getzich01,N
gharrpa01,N
giambja01,N
gibbojo01,N
gibbsja01,N
gibsobo01,Y
gibsoge01,N
gibsoki01,Y
gilesbr02,N
gilkebe01,N
gilliba01,N
gilliji01,N
ginsbjo01,N
girarjo01,N
giustda01,Y
gladdda01,N
gladdfr01,Y
glanvdo01,N
glassja01,N
glaustr01,N
glavito02,N
gleaski01,Y
gleatje01,N
gloadro01,N
glovega01,N
glynned01,N
goltzda01,Y
gomesjo01,N
gomezch02,N
gomezle01,Y
gomezru01,N
gondeje01,N
gonzaad01,N
gonzaal01,N
gonzaal02,N
gonzajo02,N
gonzaju03,Y
gonzalu01,N
gonzami01,Y
gonzare01,N
gonzato01,N
goochjo01,N
goodedw01,Y
goodmbi01,N
goodmiv01,N
goodwi01,N
goodwto01,N
gordojo01,Y
gordosi01,N
gordoto01,N
gorege01,N
gosgeji01,Y
gosligo01,Y
gossari01,Y
gotayju01,N
gottji01,N
gowdyha01,Y
grabojo02,N
gracema01,Y
gradymi01,N
graffto01,N
grammal01,N
graneja01,N
grangwa01,N
granted01,Y
grantge01,Y
grantma01,N
grantmu01,Y
graveda01,N
graydo02,N
grayte01,N
grebecr01,N
greendi01,N
greenha01,Y
greenle01,N
greenmi01,Y
greensh01,Y
greento02,N
greenwi01,N
greggke01,N
greggto01,N
greinza01,N
grichbo01,Y
grievbe01,N
griffal01,N
griffcl01,N
griffke01,Y
griffke02,N
griffmi01,N
griffto01,N
griffto02,N
grillja01,N
grimbo01,N
grimebu01,Y
grimeos01,N
grimjo01,N
grimmch01,Y
grimsja01,N
grimsro02,Y
grissle01,N
grissma01,Y
grissma02,Y
groatdi01,Y
grohhe01,Y
gromest01,Y
groombo01,N
groombu01,N
grossgr01,Y
grosske01,N
grosswa01,N
groteje01,Y
grothjo01,N
grovele01,Y
groveor01,Y
grubbjo01,N
grubeke01,N
grudzma01,N
guantce01,N
guarded01,N
gubicma01,N
guerrmi01,N
guerrpe01,Y
guerrvl01,N
guerrwi01,N
guettle01,N
guidrro01,Y
guillca01,N
guilljo01,N
guilloz01,Y
gullibi01,Y
gumbead01,N
gumbeha01,N
gumpera01,N
gundeer01,N
gurala01,Y
gustifr01,Y
guthrje01,N
guthrma01,N
gutieri01,N
guttedo01,N
guzmacr01,N
guzmaju01,N
gwynnch01,N
gwynnto01,Y
haasbe01,N
haasmo01,N
haasmu01,Y
habyajo01,N
hackewa02,N
hackst01,Y
haddiha01,Y
hadlebu01,N
haefnmi01,N
hafeych01,Y
hafnetr01,N
haineje01,Y
hairsje01,N
hairsje02,N
hairssc01,N
halamjo01,N
haleod01,N
halesa01,N
hallabi01,Y
hallaro01,N
hallbi03,N
halldi01,N
halleto01,N
hallji02,N
hallmbi01,N
hallme01,N
hallto01,N
hallto02,N
hamilbi01,Y
hamilda01,N
hamilda02,N
hamilea01,N
hamilja01,N
hamiljo02,N
hamilst01,N
hammaat01,N
hammoch01,N
hammoje01,N
hamnegr01,N
hamptmi01,N
handlle01,N
handsbi01,Y
haneych01,N
haneyla01,N
hankifr01,N
hanlone01,N
hannaji01,N
hanseda01,N
hansero02,N
hansoer01,N
haranaa01,N
hardeme01,Y
harenda01,N
hargast01,N
hargrbu01,Y
hargrmi01,Y
hargrpi01,N
harmote01,N
harnipe01,N
harpebr01,N
harpege02,N
harpeha01,N
harpeto01,Y
harrato01,Y
harrebu01,Y
harreke01,N
harribu01,Y
harrige01,N
harrigr01,N
harrijo03,N
harrile01,Y
harrimi01,N
harrisl01,N
harriwi01,N
harshja01,N
hartji01,N
hartlgr01,N
hartnga01,Y
hartsto01,N
hartzro01,N
haselbi01,N
hassero01,N
hasslan01,N
hatchbi01,N
hatchmi01,N
hatfifr01,N
hattesc01,N
hattogr01,Y
havenbr01,N
hawkian01,N
hawkila01,N
hawlepi01,N
hayesch01,N
hayesfr01,N
hayesja02,N
hayesvo01,N
hayneji01,N
haynejo01,N
haywora01,N
healyfr02,N
healyjo01,N
hearnji01,Y
heathcl01,N
heathje01,N
heathmi02,N
heatone01,N
hebneri01,Y
heepda01,N
heffndo01,N
heganji01,Y
heganmi01,N
heideja01,N
heilmha01,Y
heimafr01,N
heintke01,N
heisebo01,N
heldwo01,N
helliri01,N
helmsto01,Y
helmswe01,N
heltoto01,N
hemmige01,N
hemphch01,N
hemslro01,N
hemusso01,Y
hendeda01,Y
hendeke01,N
henderi01,Y
hendest01,N
hendrcl01,N
hendrel01,N
hendrge01,Y
hendrha01,N
hendrma01,N
henketo01,Y
henlibu01,N
hennemi01,Y
henrito01,Y
henrybi01,N
henrydo01,N
henrydw01,N
hentgpa01,Y
herbera01,N
herbero01,N
heredfe01,N
heredgi01,N
hergema01,N
hermaba01,Y
hermabi01,Y
hermadu01,N
hermage01,N
hermije01,N
hernaca01,N
hernajo01,N
hernake01,Y
hernali01,N
hernaor01,N
hernara01,N
hernara02,N
hernaro01,Y
hernawi01,Y
hernaxa01,N
herndla01,N
herriar01,N
herrmed01,N
herrto01,N
hershmi01,N
hershor01,Y
herzobu01,Y
heskejo01,N
hessot01,N
hevinjo02,N
hiattja01,N
hickmch01,N
hickmji02,Y
hidalri01,N
higbeki01,N
higgibo02,Y
higgipi01,Y
highan01,N
hildeor01,N
hillca01,N
hillech01,N
hillejo01,Y
hillesh02,N
hillgl01,N
hillke01,N
hillma01,N
hinchbi01,Y
hinespa01,N
hinsker01,N
hintoch01,N
hislela01,Y
hitchbi01,N
hitchst01,N
hoagmy01,N
hoakdo01,N
hoblidi01,N
hockide01,N
hodapjo01,N
hodgegi01,Y
hodgero01,N
hoeftbi01,N
hoernjo01,Y
hoffmda01,N
hoffmgl01,N
hoffmtr01,N
hofmaso01,N
hogansh01,N
hogsech01,N
hoilech01,N
holbebi01,N
holkewa01,N
hollaal01,N
hollato01,N
hollial01,N
hollibu01,N
hollida01,N
hollima01,N
holloke01,N
holmeda01,N
holmedu01,N
holmeto01,Y
holtji01,N
holtzke01,Y
honeyri01,Y
hooddo01,N
hoopeha01,Y
hootobu01,Y
hoppjo01,N
horlejo01,N
hornebo01,Y
hornsro01,Y
hornujo01,N
hortowi01,Y
hosleti01,N
houcksa01,N
houghch01,Y
housefr03,N
houstty01,N
houttar01,Y
howarel01,Y
howarfr01,Y
howarth01,N
howear01,Y
howelha01,N
howelja01,N
howelja02,N
howelro02,Y
howest01,N
howrybo01,N
hoydu01,N
hoytwa01,Y
hraboal01,Y
hrbekke01,Y
hubbagl01,N
hubbatr01,N
hubbeca01,Y
hudlere01,N
hudliwi01,N
hudsoor01,N
hudsosi01,N
hudsoti01,N
huffau01,N
huggimi01,N
hughero01,N
hugheto01,N
huismma01,N
huletti01,N
humeto01,N
hummejo01,N
humphbo01,N
hundlra01,Y
hundlto01,N
huntebr01,N
huntebr02,N
hunteca01,Y
hunteto01,N
huntro01,Y
hurdlcl01,N
hurstbr01,Y
husonje01,N
hutchfr01,Y
huttoto01,N
ibanera01,N
incavpe01,N
infanom01,N
ingebr01,N
iorgda01,N
irwinar01,N
irwinch01,Y
isbelfr01,N
isrinja01,N
iviemi01,N
izturce01,N
jacklfr01,N
jacksal01,N
jacksda02,Y
jacksda03,N
jacksda04,N
jacksed01,N
jacksgr01,Y
jacksjo01,Y
jacksla01,N
jacksmi02,Y
jacksra01,N
jacksre01,Y
jacksro02,N
jacksro03,N
jacksso01,Y
jackstr01,Y
jacobba01,N
jacobbr01,N
jacobel01,N
jahajo01,N
jamesbi01,N
jamesbo01,N
jamesch02,N
jamesdi01,N
jamiech01,N
janvrha01,N
jarvike01,N
javieju01,N
javiest01,N
jayjo01,N
jeffcha01,N
jeffcmi01,N
jeffegr01,Y
jeffeje01,N
jeffere01,N
jenkife01,Y
jenkige01,N
jennihu01,Y
jenseja01,Y
jeterde01,N
jimenda01,N
johnsal01,Y
johnsbi03,N
johnsbo01,Y
johnsbo02,N
johnsch04,Y
johnscl01,N
johnsda02,Y
johnsde01,Y
johnsdo01,N
johnser01,N
johnsha01,N
johnsho01,Y
johnsja01,N
johnsja02,N
johnsje01,N
johnsji01,N
johnsjo07,N
johnske02,N
johnsla03,N
johnsni01,N
johnsra05,N
johnsre02,N
johnsro02,N
johnssi01,N
johnssy01,N
johnswa01,Y
johnswa03,N
johnto01,Y
jonesan01,N
jonesba01,N
jonesbo03,N
jonesch01,N
jonesch05,N
jonesch06,N
jonescl01,Y
jonesda01,N
jonesda03,N
jonesdo01,Y
jonesfi01,Y
jonesgo01,N
jonesja04,N
jonesma01,N
jonesra01,Y
jonesru01,N
jonessa01,Y
jonessa02,N
jonesto02,N
joneswi01,N
joosted01,N
jordabr01,Y
jordabu01,N
jorgear01,N
jorgemi01,Y
josefe01,N
joshuvo01,N
joynewa01,Y
judenje01,N
judgejo01,Y
juliojo01,N
jurgebi01,Y
justida01,Y
kaatji01,Y
kahoemi01,N
kalinal01,Y
kamiesc01,N
kammwi01,Y
kampoal01,N
kaplega01,N
karkoro01,N
karroer01,Y
karsast01,N
kaskoed01,N
kaufmto01,N
kearnau01,N
keefeti01,N
keelewi01,Y
keenaji01,N
kekicmi01,N
kellech01,Y
kellejo01,Y
kellemi02,N
kellge01,Y
kellnal01,N
kellyge01,Y
kellyki01,N
kellypa01,N
kellyro01,N
keltnke01,Y
kemmeru01,N
kempst01,N
kendafr01,N
kendaja01,N
kennead01,N
kennebo01,N
kennebr01,N
kennejo03,Y
kennejo04,N
kennete02,Y
kenneve01,N
kentje01,N
keougma01,N
keougma02,N
kernji01,N
kessido01,Y
keyji01,Y
kileda01,Y
killebi01,N
killefr01,N
killeha01,Y
kilroma01,N
kimby01,N
kindaje01,N
kindeel01,Y
kinerra01,Y
kingemi01,N
kingje01,N
kingji01,N
kingmda01,Y
kingra01,N
kingsi01,N
kinslto01,N
kirklwi01,N
kirkped01,N
kisonbr01,Y
kitsofr01,N
kittlro01,N
kittrma01,N
klausbi01,N
kleinch01,Y
kleinre01,N
kleskry01,Y
klimclo01,N
klinero01,N
klinest02,N
klingjo01,Y
klippjo01,N
kluszte01,Y
kluttcl01,N
knabeot01,Y
kneppbo01,Y
knickbi01,N
knighra01,Y
knoblch01,Y
knoopbo01,N
knorrra01,N
knottja01,N
knowlda01,Y
koenima01,N
kollodo01,N
kolpra01,N
konerpa01,N
koneted01,N
konstji01,N
kooncca01,N
koosmje01,Y
kopfla01,N
koscoan01,Y
kosloda01,N
kotchca01,N
kotsama01,N
koufasa01,Y
kralija01,N
krameja01,N
kraneed01,Y
krausle02,Y
kreevmi01,N
kremera01,Y
kressre01,Y
kretllo01,N
kreutch01,N
kruegbi01,N
krukjo01,Y
krukomi01,Y
kubiate01,N
kuehnbi01,N
kuennha01,Y
kuheljo01,Y
kuipedu01,N
kuzavbo01,Y
laabsch01,N
labincl01,N
lachaca01,N
lackejo01,N
lacorfr01,N
lacosmi01,N
lacyle01,N
lagami01,N
lagrole01,N
lahoujo01,N
lairdge01,N
lajoina01,Y
lakeed01,N
lakemal01,N
lakerti01,N
lakest01,N
lamabja01,N
lamarbi01,N
lambmi01,N
lampde01,N
lampkto01,N
landera01,N
landiji01,N
landrho01,N
landrke01,N
landrti01,N
langery01,N
langfri01,N
langsma01,Y
lanieha01,Y
laniema01,N
lankfra01,Y
lannijo01,N
lansfca01,Y
lansimi01,N
lapoida01,N
laporfr01,N
larkiba01,Y
larkihe01,N
larocad01,N
larocda01,N
larsedo01,Y
larueja01,N
laryfr01,N
laryly01,N
lathaar01,Y
latmaba01,N
lauch01,N
lavagco01,Y
lavalmi01,N
lavando01,N
lavelga01,N
lawsoro01,N
lawtoma02,N
lawva01,N
lawve01,Y
lazzeto01,Y
leachfr01,Y
leachri01,N
leachte01,N
leachto01,Y
leagubr01,N
learyti01,N
ledeeri01,N
ledezwi01,N
leebi02,N
leebi03,Y
leeca01,N
leecl02,N
leede02,N
leedo01,N
leele02,N
leema02,N
leeth01,N
leetr01,N
leevesa01,Y
leffecr01,N
lehnepa01,N
leibeha01,N
leibone01,N
leibrch01,Y
leifile01,N
leipeda01,N
leiteal01,Y
leitema01,N
lemasde01,N
lemasjo01,N
lemkema01,N
lemonbo01,Y
lemonch01,Y
lemonji01,N
leonade01,Y
leonadu01,N
leonadu02,Y
leonaje01,Y
lepcite01,N
lerchra01,N
leskacu01,N
leslisa01,N
levinal01,N
lewisbu01,N
lewisda01,N
lewisdu01,Y
lewisma01,N
leyriji01,N
lezcasi01,N
lidgebr01,N
lidleco01,N
liebejo01,N
liebemi01,N
lillibo01,N
lillyte01,N
limajo01,N
lindbpa01,N
lindejo01,N
lindjo01,N
lindsfr01,Y
lindsji01,N
linebsc01,N
linzyfr01,Y
liponjo01,N
liriane01,N
littldi01,N
litwhda01,N
livinmi01,N
livinsc01,N
lloydgr01,N
loaizes01,N
loberha01,Y
lockebo01,Y
lockebo02,N
lockhke01,N
lockmwh01,Y
lockwsk01,N
loducpa01,N
loesbi01,N
loftoke01,Y
loganjo01,N
lohrmbi01,N
lohseky01,N
lolicmi01,Y
lollash01,N
lombaer01,Y
lonboji01,Y
longda02,N
longhe01,Y
loopebr01,N
lopated01,Y
lopatst01,N
lopesda01,Y
lopezal01,Y
lopezal02,N
lopezau01,N
lopezfe01,N
lopezhe01,N
lopezja01,Y
lopezja02,N
lopezjo01,N
lopezlu02,N
lopezro01,N
lordha01,N
loretma01,N
lowdegr01,N
lowebo01,Y
lowede01,N
lowelmi01,N
lowenjo01,Y
lowntu01,N
lowrepe01,N
lucasre01,Y
luderfr01,N
ludwiry01,N
lugoju01,N
lummi01,N
lumpeje01,N
luquedo01,Y
luzingr01,Y
lylesp01,Y
lynchje01,N
lynnfr01,Y
lyonbr01,N
lyonsde01,N
lyonsst01,N
lyonste01,Y
mabryjo01,N
macdomi01,N
macfada01,N
macfami01,N
macharo01,N
mackco01,Y
mackra01,N
macksh01,N
maddoel01,N
maddoga01,Y
maddugr01,N
maddumi01,N
madlobi01,Y
magadda01,N
mageele01,N
mageesh01,Y
maglisa01,Y
magnami01,N
mahayro01,N
mahlemi01,N
mahleri01,N
mahompa01,N
majesha01,N
maldoca01,N
malonji01,Y
malonpa02,N
malzofr01,N
mamaual01,N
mancugu01,Y
maniocl01,N
mannija01,N
manniri01,N
mannle01,N
manrifr01,N
mantema01,N
mantife01,N
mantlmi01,Y
mantoje01,N
manushe01,Y
manwaki01,N
manzajo01,N
maranra01,Y
marbefi01,Y
maricju01,Y
marioma01,Y
marisro01,Y
marquja01,N
marquru01,Y
marreel01,N
marsaar01,N
marshdo01,N
marshmi01,Y
marshmi02,N
marshwi01,N
marteda01,N
martial03,N
martibi02,Y
martibu01,N
martica01,N
martida01,N
martide01,Y
martied01,Y
martijc01,N
martije01,N
martimo01,Y
martipe01,Y
martipe02,N
martira02,N
martira03,N
martite01,N
martiti01,N
martiti02,Y
martito02,N
martivi01,N
marzajo01,N
masiph01,N
masonji01,N
masonro01,N
mastewa02,N
mathebo01,N
mathech01,Y
matheed01,Y
mathemi01,N
mathetj01,N
matlajo01,Y
matsuhi01,N
matthga01,Y
matthga02,N
mattido01,Y
mauchge01,N
maulal01,N
maxvida01,Y
maxwech01,N
maybejo01,Y
mayca01,Y
mayda01,N
mayde01,N
mayele01,N
mayerer01,N
mayja01,N
mayje01,Y
mayle01,Y
maymi01,N
maynebr01,N
mayru01,Y
maysca01,Y
mayswi01,Y
mazerbi01,Y
mazzile01,N
mcaleji01,N
mcauldi01,Y
mcbeaal01,N
mcbriba01,Y
mcbrige01,N
mccaral01,N
mccarda01,N
mccarja01,N
mccarjo03,N
mccarle01,N
mccarti01,Y
mccarto01,N
mccaski01,N
mcclubo01,N
mccorba01,N
mccorfr01,Y
mccorji01,N
mccormi02,N
mccormi03,N
mccosba01,N
mccovwi01,Y
mccraqu01,N
mccrato01,N
mccreto01,N
mcculcl01,N
mccurha01,N
mcdanli01,Y
mcdermi03,N
mcdonjo03,N
mcdougi01,Y
mcdowja01,Y
mcdowro01,N
mcdowsa01,Y
mcelrch01,N
mcfared01,N
mcgafan01,N
mcganda01,N
mcgarch01,N
mcgeami01,N
mcgeewi01,Y
mcginjo01,Y
mcgloji01,N
mcgloly01,Y
mcgrabo01,N
mcgrajo01,Y
mcgratu01,Y
mcgresc01,Y
mcgrifr01,Y
mcguide01,N
mcgwima01,Y
mcinnst01,Y
mcintma01,N
mckeaed01,N
mckecbi01,N
mclaide01,Y
mcleala01,Y
mclemma01,N
mclisca01,N
mclouna01,N
mcmahdo02,Y
mcmahsa01,N
mcmanma01,Y
mcmicgr01,N
mcmilro01,Y
mcmulke01,Y
mcnaier01,N
mcnalda01,Y
mcnalmi01,N
mcphebi01,N
mcquige01,N
mcquige02,N
mcquihu01,N
mcraebr01,N
mcraeha01,Y
mcreyke01,N
mcwilla01,N
meadobr01,N
meadole01,Y
mecirji01,N
medicdo01,Y
medwijo01,Y
meekijo01,N
melesa01,N
melhuad01,N
melilsk01,N
meltobi01,Y
melvibo01,N
mendora01,N
menefjo01,N
menkede01,Y
mercaor01,N
merceor01,N
merckke01,N
merklfr01,N
merlolo01,N
merribi01,N
merriji01,N
mertesa01,N
mesajo01,Y
messean01,Y
metkoca01,N
metzgro01,N
meusebo01,Y
meuseir01,N
meyerch01,N
meyerda01,N
meyerru01,N
micelda01,N
michaca01,N
michage01,N
michaja01,N
mientdo01,N
mieskma01,N
mikkepe01,N
miksied01,Y
milancl01,Y
milbola01,N
millafe01,Y
millake01,N
millebi02,Y
millebo02,N
millebo04,Y
milleco01,N
milleda02,N
milledo01,N
milledo02,Y
milleed03,N
milleno01,Y
milleot01,N
milleri01,N
millest01,N
milletr02,N
millijo01,N
millsal01,N
millwke01,N
milnaal01,N
milnejo01,Y
miltoer01,N
minchdo01,N
mingost01,N
minnepa01,N
minosmi01,Y
mintogr01,N
mirabdo01,N
mirabpa01,N
miranwi01,N
mitchcl01,N
mitchda01,N
mitchke01,Y
mitchmi01,N
mitchwi01,N
mittege01,N
mizejo01,Y
mizelvi01,N
mlickda01,N
moehlbr01,N
moellch01,N
moffira01,N
mogrige01,N
mohlemi01,N
molinbe01,N
molinbo01,N
molinjo01,N
molitpa01,Y
mollwfr01,N
monbobi01,N
mondari01,Y
mondera01,Y
moneydo01,Y
mongesi01,N
monrocr01,N
montawi01,Y
montejo01,N
monteri01,N
montgbo01,N
montgje01,Y
moonwa01,Y
moorech02,N
mooredo01,N
mooreea01,N
mooreed01,N
moorege03,N
moorejo01,N
moorejo02,Y
mooremi01,N
moorera01,N
moorera02,N
moorete01,Y
moosebo01,N
moralje01,N
moraljo01,Y
morame01,N
moranmi01,N
moranpa01,Y
mordemi01,N
morelke01,N
morenom01,N
morgabo01,N
morgacy01,N
morgajo02,Y
morgami01,N
morgato01,N
moriage02,N
morneju01,N
morriha02,Y
morrija02,Y
morriji01,N
morrijo01,N
morrijo04,N
morrima01,N
mortogu01,N
morynwa01,N
mosebll01,N
mosesje01,N
mosesjo01,N
moseswa01,Y
mossido01,N
mossle01,N
mostijo01,Y
motagu01,N
motama01,Y
mowremi01,N
moyerja01,N
muellbi02,Y
muelldo01,N
muellhe01,N
muellra01,N
mulhote01,Y
mullato01,N
mullige01,N
mullipa01,N
mullira01,N
mulvejo01,N
mumphje01,N
muncrbo01,N
mungere01,N
mungova01,Y
munozmi01,N
munsoth01,Y
murcebo01,Y
murphda02,Y
murphda05,Y
murphdw01,N
murphed02,N
murphjo04,N
murphmo01,N
murphro01,N
murphto02,N
murrada01,N
murraed02,Y
murrare01,Y
murreiv01,Y
muserto01,N
musiast01,Y
mussimi01,N
myattgl01,N
myerbu01,Y
myersbr01,N
myersgr01,N
myershy01,N
myersmi01,N
myersra01,Y
nadyxa01,N
nagych01,N
naragha01,N
nashbi01,N
nathajo01,N
navardi01,N
navarja01,N
neaglde01,N
needhto01,N
nehfar01,Y
nelsoca01,N
nelsoda01,N
nelsoge01,N
nelsoje01,N
nelsoro01,N
nenro01,Y
nettlgr01,Y
nevinph01,Y
newcodo01,Y
newhoha01,Y
newsobo01,Y
newsosk01,N
niarhgu01,N
nichobi01,Y
nichoki01,Y
nicolhu01,N
nicosst01,N
niedeto01,N
niekrjo01,Y
niekrph01,Y
niemabo01,N
nievewi01,N
niggejo01,N
nitkocj01,N
nixla01,N
nixonot01,Y
nixonru01,N
nixontr01,N
nokesma01,N
nolanga01,Y
nolanjo01,N
nolesdi01,N
nomohi01,N
nordhwa01,N
norenir01,N
normafr01,N
norrimi01,N
northbi01,N
northji01,Y
northro01,Y
nortogr01,N
nottedo01,N
nunamle01,N
nunezab01,N
nunezed01,N
nunezvl01,N
nuxhajo01,N
oatesjo01,N
oberkke01,N
obriech01,N
obriepe03,N
ochoaal01,N
oconnda02,N
oconnja01,N
odeake01,N
odellbi01,N
odombl01,N
odonojo01,N
odoulle01,Y
oeschjo01,Y
oestero01,N
ofarrbo01,Y
offerjo01,N
officro01,N
oglivbe01,Y
ohkato01,N
ohmanwi01,N
ojedabo01,N
oldriru01,N
olearch01,Y
oleartr01,N
olerujo01,Y
olivaom01,N
olivato01,Y
oliveal01,Y
olivebo01,N
oliveda02,N
olivege01,N
olivejo01,N
olivomi01,N
olsongr01,N
olsoniv01,N
omallto01,N
oneilmi02,N
oneilpa01,Y
oneilst01,Y
oneilti01,N
ontivst02,N
oquenjo01,N
ordonma01,N
oroscje01,Y
orourfr01,N
orourji01,N
orrda01,N
orsuljo01,N
ortajo01,N
ortegph01,N
orthal01,N
ortizda01,N
ortizju01,N
ortizra01,N
ortizru01,N
osikke01,N
osteecl01,Y
osterfr01,N
osunaan01,N
oswalro01,N
otisam01,Y
otoolji01,N
ottme01,Y
outlaji01,N
overbly01,N
overmst01,N
owchibo01,N
owenmi01,N
owensji01,N
owensp01,N
pacioto01,N
padilvi01,N
pafkoan01,Y
paganjo01,Y
pagliji01,N
paglimi01,N
pagnoto01,N
paintla01,N
palicer01,N
palldo01,N
palmeda01,N
palmede01,N
palmeji01,Y
palmeor01,N
palmera01,Y
pappami01,Y
paquecr01,N
parenfr01,N
parenma01,N
parkch01,N
parkeda01,Y
parmero01,N
parneme01,N
parreje01,N
parrila01,Y
parrila02,Y
pascuca02,Y
paskedo01,Y
pasquda01,N
passecl01,N
patekfr01,N
pattebo01,N
patteco01,N
pattima01,N
pauljo01,N
pavanca01,N
pavledo01,N
paytoja01,N
peacojo01,N
pearsal02,N
pearsmo01,Y
peavyja01,N
peckiro01,Y
peitzhe01,Y
peltyba01,N
penaal01,N
penaca01,N
penaor01,N
penato01,Y
penawi01,N
pendlte01,Y
pennohe01,Y
pennybr01,N
pepitjo01,Y
peraljh01,N
percitr01,N
perezed01,N
perezed02,N
perezma01,N
perezne01,N
perezod01,N
perezol01,N
perezpa01,N
perezto01,Y
perezto03,N
perkicy01,Y
perraro01,Y
perripo01,N
perryga01,Y
perryge01,N
perryhe01,N
perryji01,Y
persoro01,N
peskyjo01,Y
peterfr01,N
peterga01,N
peterjo01,N
peterru02,N
petrage01,N
petrori01,Y
petryda01,N
pettian01,N
pettiga01,N
pfefffr01,N
pfeffje01,N
phelpba01,N
phelped01,N
phelpjo01,N
phelpke01,N
phillad01,N
phillbi01,N
phillbr01,N
phillbu02,N
phillda01,N
phillde01,Y
phillja02,N
phillmi01,N
phillto02,Y
piazzmi01,Y
picciro01,N
pichahi01,N
picinva01,N
piercbi02,Y
pierrju01,N
piersji01,N
pierzaj01,N
pikeli01,N
pineijo01,N
pinielo01,Y
pinknge01,N
pinsova01,Y
pipgrge01,N
pippwa01,Y
pizarju01,Y
planked01,Y
plantph01,N
plesada01,Y
plummbi01,N
plunker01,N
pocorbi01,N
podbibu01,N
podrejo01,Y
podsesc01,N
polanpl01,N
politcl01,N
polleho01,N
polonlu01,N
ponsosi01,N
pooleji02,N
popovpa01,N
portebo01,Y
porteda02,Y
portuma01,N
posadjo01,N
postwa01,N
pottene01,N
powelbo01,Y
powelja01,N
powelja03,N
powelja04,N
powerdo01,N
powerte01,N
powervi01,Y
prattde01,N
prattto02,N
pricejo02,N
priddbo01,N
priddje01,N
pridecu01,N
princto01,N
pruitro01,N
pryorgr01,N
puckeki01,Y
puhlte01,Y
pujolal01,N
puntoni01,N
purcebl01,N
purkebo01,N
putzjj01,N
pytlafr01,N
quallch01,N
quantpa01,N
questjo01,N
quinnja01,Y
quinnjo02,N
quinthu01,N
quirkja01,N
quiseda01,Y
radatdi01,N
radboch01,N
radclri01,N
raderda01,N
raderdo02,Y
radfopa01,N
radinsc01,N
radkebr01,Y
raffeke01,N
raganpa01,N
raineti01,Y
ramirar01,N
ramirma02,N
ramirra01,N
ramosdo01,N
ramospe01,Y
randajo01,N
randlle01,N
randowi01,Y
ransoco01,N
rapppa01,N
raridbi01,N
raschvi01,Y
rasmude01,N
rasmuer01,N
rauchjo01,N
rawlesh01,N
rawlijo01,N
rayjo01,Y
raymocl01,N
readyra01,N
reardje01,Y
rebouje01,N
redmama01,N
redmomi01,N
redusga01,N
reedho01,N
reedje01,N
reedje02,N
reedjo01,N
reedri01,N
reedro01,N
reedst01,N
reesepe01,Y
reeseri01,Y
reganph01,N
reichri01,Y
reilljo01,N
reisepe01,Y
reitzke01,N
relafde01,N
remlimi01,N
remseja01,N
remyje01,Y
renkost01,N
renteed01,N
repozro01,N
repulri01,N
retteme01,N
reulbed01,N
reuscri01,Y
reussje01,Y
reyesal01,N
reyesca01,N
reyesde01,N
reyesjo01,N
reynoal01,Y
reynoar02,N
reynoca01,N
reynocr01,N
reynoha01,N
reynosh01,Y
rhemfl01,N
rhodear01,N
rhoderi01,Y
ricede01,Y
riceha01,N
riceji01,Y
ricesa01,Y
richabo01,Y
richada01,N
richaha01,N
richajr01,Y
richepe01,Y
richile01,N
riddlel01,N
ridzist01,N
riggsle01,N
righeda01,Y
rijojo01,Y
rileser01,N
rincoju01,N
rincori01,N
ringji01,Y
riosal01,N
ripkebi01,N
ripkeca01,Y
riskeda01,N
ritchcl01,Y
riverji01,N
riverju01,N
riverlu01,N
riverma01,N
rivermi01,Y
rixeyep01,Y
rizzuph01,Y
roberbi01,N
roberbo01,N
roberbr01,N
roberda01,Y
roberda05,N
roberda06,N
roberda07,N
roberge01,N
roberle01,N
roberna01,N
roberro01,Y
robersh01,N
robinbi02,Y
robinbr01,Y
robindo01,N
robined01,N
robinfl01,N
robinfr02,Y
robinja02,Y
robinje01,N
robinro01,N
robinwi01,N
robinya01,N
rodgean01,N
rodrial01,N
rodriau01,N
rodrife01,N
rodrifr03,N
rodrihe02,N
rodriiv01,N
rodriri02,N
roebued01,N
roeniga01,N
roepr01,Y
rogelbi01,N
rogerke01,N
rogerst01,Y
rogovsa01,N
rojasco01,Y
rojasme01,N
rolanji01,N
rolensc01,N
rolfere01,Y
rolliji01,N
rolliri01,N
romanjo01,N
romered01,N
romerjc01,N
rommeed01,Y
romovi01,N
roofph01,N
rookeji01,N
rootch01,Y
rosarbu01,N
rosebjo01,N
rosemch01,N
rosenal01,N
rosenla01,N
rosepe01,Y
rossbu02,N
rossco01,N
rossda01,N
rossga01,N
rothbr01,N
rothrja01,N
roushed01,Y
rowanaa01,N
roweja01,N
rowesc01,Y
roystje01,N
rozemda01,N
ruckena01,Y
rudijo01,Y
rudoldi01,Y
rudolke01,N
ruelmu01,Y
rueteki01,Y
ruethdu01,N
ruffibr01,N
ruffire01,Y
ruhleve01,N
runnepe01,N
ruschgl01,N
rushbo01,N
rusieam01,Y
russeal01,N
russebi01,Y
russeja01,N
russeje01,Y
russeji01,N
russejo02,N
ruthba01,Y
ruthvdi01,N
ryanbj01,N
ryanco01,N
ryanja01,N
ryanji01,N
ryanmi02,Y
ryanno01,Y
ryanro01,N
rybami01,N
sabatcc01,N
saberbr01,Y
saboch01,N
sadecra01,Y
sadledo01,N
sainjo01,Y
sakatle01,N
salazlu01,N
sallesl01,N
salmoti01,Y
sambijo01,N
samueju01,Y
sanchfr01,N
sanchre01,N
sandbry01,Y
sandede02,N
sandeke01,N
sandere02,Y
sandesc01,N
sanfoja02,N
sanguma01,Y
santajo01,N
santibe01,Y
santira01,N
santoro01,Y
sassema01,N
satrito01,N
sauerha01,Y
savagte01,N
sawatca01,N
saxst01,Y
scanlbo01,N
scarbra01,N
schaapa01,Y
schaege01,Y
schalra01,Y
schanwa01,Y
schatda01,N
schefbo01,N
scheica01,N
scheiri01,N
schilcu01,Y
schmida01,N
schmija01,N
schmijo01,N
schmimi01,Y
schmiwa01,N
schnebr01,N
schoere01,Y
schoesc01,N
schofdi01,N
schofdi02,N
schoupe01,N
schreos01,Y
schripo01,N
schulfr01,Y
schulfr02,N
schuljo03,N
schumha02,Y
schupfe01,N
schuri01,N
sciosmi01,N
scottev01,Y
scottge02,Y
scottja01,Y
scottmi03,Y
scottti01,N
scottto01,Y
scutama01,N
seaneru01,N
seaveto01,Y
seedsbo01,N
seeryem01,N
seguida01,Y
seguidi01,Y
seitzke01,N
selbaki01,N
seleaa01,Y
selmadi01,Y
seminan01,N
servasc01,N
servisc01,N
severha01,Y
seweljo01,Y
sewellu01,Y
sewelri01,Y
sexsori01,N
seymocy01,Y
shaffor01,N
shankho01,N
shantbo01,Y
shautjo01,N
shawbo01,N
shawje01,N
shawkbo01,N
sheame01,N
sheanda01,N
sheckji01,Y
sheetbe01,N
sheffga01,N
shelbjo01,N
shellji01,N
sherdbi01,Y
sheripa01,N
sherrge01,N
sherrla01,N
shielsc01,N
shindbi01,N
shiplcr01,N
shirlbo01,N
shochge01,N
shockur01,Y
shortch02,Y
shottbu01,N
shouncl01,N
shousbr01,N
shower01,N
shueypa01,N
shumpte01,N
siebedi01,N
siebeno01,N
siebeso01,Y
sierrru01,Y
sievero01,Y
silvech01,N
simmoal01,Y
simmocu01,Y
simmote01,Y
simonra01,N
simpsha01,N
simsdu01,Y
sinatma01,N
singebi01,Y
singlke01,Y
sislege01,Y
sistisi01,Y
sizemte01,N
skinnbo01,N
skinnjo01,N
skowrbi01,N
slaglji01,N
slatoji01,N
slaugdo01,N
slaugen01,Y
slocuhe01,N
smallaa01,N
smallro01,Y
smallro02,N
smilejo01,N
smithal01,N
smithal03,N
smithal04,N
smithbo02,N
smithbr01,N
smithch02,N
smithch04,N
smithda02,N
smithea02,Y
smithed04,N
smithel01,N
smithel02,N
smithfr03,N
smithge01,N
smithge02,N
smithha03,N
smithha08,N
smithja03,N
smithja05,N
smithle02,Y
smithlo01,Y
smithoz01,Y
smithpe02,N
smithph01,N
smithpo01,N
smithre02,N
smithre06,Y
smithsh01,Y
smithwi02,N
smithza01,N
smoltjo01,N
snidedu01,Y
snodgfr01,N
snowjt01,N
snydech02,N
snydeco02,N
snydefr01,N
snydepo01,N
snyderu01,N
soderer01,N
sojolu01,N
solomed01,N
soltemo01,N
sommejo01,N
sorenla01,N
soriaal01,N
soriara01,N
sorrepa01,N
sorrevi01,N
sosael01,N
sosajo02,N
sosasa01,Y
sothoal01,N
sotoma01,Y
southbi01,Y
spahnwa01,Y
spangal01,N
sparkst01,N
sparktu01,N
speaktr01,Y
spehrti01,N
speiech01,Y
speieju01,N
spencda01,N
spencji01,Y
spencro01,N
spencst01,N
spierbi01,N
spiezed01,N
spiezsc01,N
spillda01,N
spilmha01,N
splitpa01,Y
spraged01,N
spraged02,N
sprinja01,N
sprinru01,N
squirmi01,N
staffge01,N
stahlch01,N
stahlja01,Y
stahlla01,Y
staintu01,N
stairma01,N
stalege01,N
stanaos01,N
stangle01,N
stanhdo01,N
stanked01,Y
stanlbo01,N
stanlfr01,N
stanlmi01,Y
stanlmi02,N
stantmi02,N
stargwi01,Y
startjo01,N
staubru01,Y
stclara01,N
stearjo01,Y
steinbi02,N
steinha01,Y
steinte01,Y
stengca01,Y
stennre01,N
stenzja01,N
stephge01,N
stephjo02,N
stephri01,Y
stephve01,N
stevele01,N
stewabu01,N
stewada01,Y
stewaji01,Y
stewale01,N
stewasa01,N
stewash01,N
stiebda01,Y
stillku01,N
stinnke01,N
stinsbo01,N
stirnsn01,N
stiveja01,N
stobbch01,N
stockmi01,N
stockwe01,N
stoddti01,N
stonede01,N
stonejo01,N
stonest01,Y
stottme01,Y
stottto01,Y
stovage01,N
stoveha01,N
stransa01,N
stratsc01,N
strawda01,Y
streega01,Y
striccu01,N
stricge01,N
strinni01,N
stripjo01,N
strunam01,N
stuardi01,N
stubbfr01,N
sturdto01,N
sturtta01,N
stynech01,N
suderpe01,N
sudhowi01,N
sugdejo01,N
suhrgu01,Y
sukefcl01,Y
sullibi03,Y
sullibi04,N
sullifr01,N
sullimi02,N
sullisc01,N
summaho01,N
summech01,Y
sundbji01,Y
sundrst01,N
suppaje01,N
surhobj01,Y
surkoma01,N
sutclri01,Y
suthega01,N
suttebr01,Y
suttodo01,Y
suttoez01,N
suzukic01,N
sveumda01,N
swancr01,N
sweenma01,N
sweenmi01,N
swiftbi01,N
swiftbi02,N
swiftbo01,N
swindgr01,N
swoboro01,N
tablepa01,N
talbofr01,N
tananfr01,Y
tanneje01,Y
tannele01,N
tapanke01,N
tartada01,Y
tartajo01,N
tatebe01,N
tatisfe01,N
taubeed01,N
tavarju01,N
taverfr01,N
taylobi01,N
tayloda01,N
taylodu01,N
tayloha04,N
tayloja02,N
tayloro01,N
tayloto02,Y
tayloza02,N
tebbebi01,Y
tebeapa01,N
teixema01,N
tejadmi01,N
tekulke01,Y
telemam01,N
templga01,Y
templjo01,N
tenacge01,Y
tennefr02,Y
terrewa01,N
terryad01,N
terrybi01,Y
terryra01,N
terwiwa01,N
tettlmi01,Y
teufeti01,N
tewksbo01,Y
thamema01,N
theveto01,Y
thigpbo01,N
thomade01,N
thomafr03,N
thomafr04,N
thomaga01,N
thomage01,N
thomago01,Y
thomair01,Y
thomale03,N
thomapi01,N
thomaro01,N
thomato02,N
thomeji01,N
thompja01,N
thompmi02,N
thompro01,Y
thompsa01,N
thomsbo01,Y
thomsjo01,N
thondi01,N
thornan01,Y
thurssl01,N
tiantlu01,Y
tidrodi01,Y
tiefebo01,N
tiernmi01,N
tillmbo01,N
timlimi01,N
tinglro01,N
tinkejo01,Y
titusjo01,N
tobinja01,N
tobinji01,Y
toddal01,N
tolanbo01,Y
tollewa01,N
tomkobr01,N
tomlida01,N
toneyfr01,Y
torboje01,Y
torgeea01,Y
torrejo01,Y
torremi01,Y
torresa01,N
torreyo01,N
tovarce01,Y
trachst01,N
trammal01,Y
travice01,N
traynpi01,Y
treadje01,N
treanma01,N
treshmi01,N
treshto01,N
trevial01,N
triangu01,N
trillma01,Y
trombmi01,N
troskha01,N
troutdi01,Y
troutst01,N
truckvi01,Y
tsitojo01,N
tuckemi01,N
tucketo01,N
tudorjo01,Y
turlebo01,N
turneje01,N
turneji01,Y
turnete01,Y
tuttlbi01,N
twitcla01,N
twitcwa01,N
tylerle01,N
tysonmi01,N
uhlege01,Y
underto01,N
unserde01,Y
upshace01,N
upshawi01,N
urbinug01,N
uribejo01,N
uribeju01,N
utleych01,N
vailmi01,N
valdeis01,N
valenbo02,N
valenel01,Y
valenfe01,Y
valenja01,N
valenjo02,N
valenjo03,N
valleda01,N
valoel01,Y
valvejo01,N
vanceda01,Y
vandejo01,Y
vandejo02,N
vangiel01,N
vanhage01,N
vanpoto01,N
vanslan01,Y
vargacl01,N
varitja01,N
vaughar01,Y
vaughfa01,N
vaughgr01,Y
vaughhi01,N
vaughmo01,Y
vazquja01,N
vazqura01,N
veachbo01,Y
vealebo01,Y
velanjo01,N
velarra01,N
velezot01,N
venabma01,N
venturo01,Y
verbaem01,N
veresda01,N
vernomi01,Y
versazo01,N
veryzto01,N
victosh01,N
vidrojo01,N
villoro01,N
vinafe01,N
violafr01,Y
virdobi01,Y
virgioz01,N
virgioz02,N
vittos01,N
vizcajo01,N
vizcalu01,N
vizquom01,N
voisebi01,N
vollmcl01,N
vosbeed01,N
vosmijo01,N
vossbi01,N
vuckope01,Y
vukovjo01,N
wadderu01,Y
wadeja01,N
wagnebi02,N
wagneha01,N
wagnehe01,N
wagneho01,Y
wagnele01,N
waitked01,N
waitsri01,N
wakefti01,N
walbema01,N
walberu01,Y
walkbo01,N
walkebi01,N
walkech01,N
walkecu01,N
walkedi02,Y
walkege02,N
walkegr01,N
walkeha01,Y
walkeja01,N
walkela01,Y
walkeru01,N
walketi01,N
walketo04,Y
wallabo01,Y
wallati01,Y
wallide01,N
wallsle01,N
walshed01,Y
waltebu01,Y
waltero01,N
waltoda01,N
waltoje01,N
wambsbi01,Y
wanerll01,Y
wanerpa01,Y
wardaa01,N
wardda01,N
warddu01,N
wardga01,N
wardjo01,N
wardpr01,N
wardtu01,N
warnejo01,N
warnelo01,Y
warstra01,N
wasdeji01,N
wasdijo01,N
washbja01,N
washbra01,N
washicl01,Y
washiro01,N
washiul01,N
wathajo01,Y
watsoal01,N
watsobo01,Y
watsomu01,N
watted01,N
weathda01,N
weathro01,N
weaveje01,N
weaveji01,N
webbsk01,N
webstle01,N
webstmi01,N
wegmabi01,N
wehmehe01,N
wehnejo01,N
weilabo01,N
weisal01,N
weisswa01,Y
welchbo01,Y
welchcu01,N
welchjo01,N
welchmi01,N
welleto01,N
wellsbo01,N
wellsda01,Y
wellsed01,N
wellski01,N
wellsve01,N
wendetu01,N
werbebi01,Y
werthja01,N
wertzvi01,Y
westbja01,N
westda01,N
westlwa01,N
westrwe01,Y
westsa01,Y
wettejo01,Y
weyhigu01,N
wheatza01,Y
wheelda01,N
wheelha01,N
whisepe01,N
whitalo01,Y
whitebi03,N
whitede01,N
whitede03,Y
whitedo01,N
whiteea01,Y
whitefr01,Y
whitega01,N
whiteha01,Y
whiteje01,N
whitejo01,N
whitema01,N
whitema02,N
whiteri01,N
whitero01,Y
whitero02,Y
whitesa02,N
whitewi01,Y
whitfte01,N
whitnar01,N
whitnji01,N
whitnpi01,N
whitsed01,N
whitter01,N
whittpo01,N
wickeda01,N
wickmbo01,N
widgech01,N
wiedmst01,N
wiggity01,N
wightbi01,N
wilcomi01,N
wilforo01,N
wilheho01,Y
wilkecu01,N
wilkiri01,N
wilkste01,N
willeed01,N
willibe02,Y
willibi01,Y
willibr01,N
willica01,N
willicy01,Y
willidi02,N
willido03,N
willied01,N
willige02,N
williji01,N
willike01,Y
willima04,Y
willimi02,Y
willimi03,N
willine01,N
willisc01,N
willist02,N
willite01,Y
willivi01,N
williwa02,N
williwo02,Y
willsma01,Y
wilmowa01,N
wilsoar01,N
wilsoda01,N
wilsoea01,N
wilsoen01,N
wilsogl01,N
wilsoha01,Y
wilsoja01,N
wilsoja02,N
wilsoji01,Y
wilsoji02,N
wilsomo01,N
wilsopr01,N
wilsore01,N
wilsowi02,Y
wiltsho01,N
winebo01,N
winfida01,Y
wingoiv01,N
winnihe01,N
winnra01,N
wisede01,N
wiseri01,Y
wisesa01,N
witasja01,N
wittbo01,Y
wittmi01,Y
wittwh01,Y
wockejo01,N
wohlema01,N
wohlfji01,N
wolfji01,N
wolfra02,N
wolveha01,N
womacto01,Y
woodala01,N
woodeha01,N
woodge01,N
woodjo02,Y
woodke02,N
woodlge01,N
woodwch01,N
woodwi01,Y
woodwwo01,N
worreti01,N
worreto01,Y
worthal01,N
wrighcl01,N
wrighge01,N
wrighgl01,Y
wrighja01,N
wrighja02,N
wrighru01,N
wrighto01,N
wyattjo02,N
wyattwh01,Y
wynegbu01,N
wynnea01,Y
wynnji01,Y
wyrosjo01,N
yanes01,N
yastrca01,Y
yeagejo01,N
yeagest01,Y
yorkru01,Y
yorkto01,N
yosted01,N
youklke01,N
youngba01,N
youngcu01,N
youngcy01,Y
youngdm01,N
younger01,Y
youngjo02,N
youngke01,N
youngma01,N
youngmi02,N
youngpe01,Y
youngro01,Y
yountro01,Y
zachato01,Y
zachrpa01,Y
zahnge01,Y
zambrca01,N
zarilal01,N
zaungr01,N
zeidero01,N
zeileto01,Y
zernigu01,N
zimmech01,Y
zimmedo01,N
zimmehe01,N
ziskri01,Y
zitoba01,N
zoldasa01,N
zuberbi01,N
zuverge01,N
